epoch,time,train/giou_loss,train/cls_loss,train/l1_loss,metrics/precision(B),metrics/recall(B),metrics/mAP50(B),metrics/mAP50-95(B),val/giou_loss,val/cls_loss,val/l1_loss,lr/pg0,lr/pg1,lr/pg2
1,52.709,3.3166,1.90841,0.88736,0,0,0,0,3.16321,2e-05,0.36507,1.98305e-05,1.98305e-05,0.0801893
2,101.342,3.2398,0,0.76176,0,0,0,0,3.0803,1e-05,0.43374,3.98208e-05,3.98208e-05,0.0602093
3,149.09,3.19419,0.00015,0.5855,0,0,0,0,2.97657,0.00029,0.35756,5.97721e-05,5.97721e-05,0.0402293
4,194.181,3.04277,0.0018,0.49883,0,0,0,0,2.8759,0.00113,0.31131,7.96551e-05,7.96551e-05,0.0202491
5,239.315,2.97468,0.00127,0.46587,0,0,0,0,2.82974,0.00238,0.30579,9.94408e-05,9.94408e-05,0.000268932
6,285.989,2.9455,0.00681,0.42423,0,0,0,0,2.69853,0.00266,0.26199,9.93906e-05,9.93906e-05,9.93906e-05
7,330.947,2.90498,0.0092,0.374,0,0,0,0,2.73733,0.01176,0.2571,9.91232e-05,9.91232e-05,9.91232e-05
8,376.476,2.8003,0.02142,0.33253,0,0,0,0,2.53199,0.02577,0.23331,9.88079e-05,9.88079e-05,9.88079e-05
9,422.426,2.72228,0.02753,0.32293,0,0,0,0,2.5693,0.0343,0.24764,9.84449e-05,9.84449e-05,9.84449e-05
10,470.703,2.60456,0.03569,0.3034,0,0,0,0,2.48334,0.02416,0.25285,9.80345e-05,9.80345e-05,9.80345e-05
11,516.573,2.59124,0.03673,0.29858,0,0,0,0,2.49222,0.02626,0.25216,9.75773e-05,9.75773e-05,9.75773e-05
12,562.105,2.59237,0.03209,0.3141,0,0,0,0,2.42412,0.03063,0.22804,9.70736e-05,9.70736e-05,9.70736e-05
13,608.073,2.44902,0.03964,0.28751,0,0,0,0,2.31199,0.03258,0.21341,9.65239e-05,9.65239e-05,9.65239e-05
14,655.671,2.40706,0.0438,0.28846,0,0,0,0,2.23027,0.03005,0.1961,9.59289e-05,9.59289e-05,9.59289e-05
15,702.495,2.3173,0.04768,0.25966,0,0,0,0,2.17458,0.04108,0.18851,9.52889e-05,9.52889e-05,9.52889e-05
16,748.087,2.25113,0.06244,0.24878,0,0,0,0,2.07114,0.07394,0.17157,9.46048e-05,9.46048e-05,9.46048e-05
17,793.899,2.14025,0.0805,0.21667,6e-05,0.01709,5e-05,0,2.00131,0.09062,0.16105,9.38772e-05,9.38772e-05,9.38772e-05
18,839.176,2.08485,0.07028,0.21674,6e-05,0.01709,4e-05,0,2.11784,0.08975,0.19661,9.31067e-05,9.31067e-05,9.31067e-05
19,885.919,2.10131,0.05567,0.21261,0,0,0,0,2.06396,0.0365,0.17806,9.22942e-05,9.22942e-05,9.22942e-05
20,931.528,2.02979,0.07134,0.20662,0,0,0,0,1.98585,0.06405,0.15881,9.14405e-05,9.14405e-05,9.14405e-05
21,977.898,2.03432,0.05907,0.20368,0,0,0,0,2.01216,0.04122,0.16687,9.05463e-05,9.05463e-05,9.05463e-05
22,1023.22,2.00773,0.0729,0.20915,9e-05,0.02564,0.0001,2e-05,1.9228,0.10104,0.16515,8.96127e-05,8.96127e-05,8.96127e-05
23,1069.12,1.98642,0.07733,0.21348,0,0,0,0,2.00167,0.03814,0.18035,8.86404e-05,8.86404e-05,8.86404e-05
24,1114.2,2.05418,0.06199,0.21866,3e-05,0.00855,1e-05,0,1.92929,0.07695,0.16912,8.76305e-05,8.76305e-05,8.76305e-05
25,1159.47,1.94479,0.0854,0.21982,0.00076,0.00855,9e-05,2e-05,1.83119,0.12069,0.1628,8.65839e-05,8.65839e-05,8.65839e-05
26,1206.72,1.93832,0.0953,0.20586,0,0,0,0,1.91115,0.08903,0.18296,8.55018e-05,8.55018e-05,8.55018e-05
27,1251.32,1.87621,0.12926,0.20792,0.00377,0.02564,0.00206,0.0009,1.7539,0.17458,0.16762,8.43851e-05,8.43851e-05,8.43851e-05
28,1297.49,1.85836,0.16503,0.21099,0.00141,0.00855,0.00125,0.00013,1.78226,0.13114,0.1668,8.32349e-05,8.32349e-05,8.32349e-05
29,1342.52,1.80768,0.14454,0.19039,0.00512,0.02564,0.00332,0.00056,1.72039,0.1757,0.16172,8.20525e-05,8.20525e-05,8.20525e-05
30,1387.42,1.59891,0.25283,0.1653,0.04482,0.23932,0.06881,0.0117,1.43423,0.3703,0.14482,8.08389e-05,8.08389e-05,8.08389e-05
31,1435.89,1.52755,0.33593,0.17068,0.07324,0.39316,0.17837,0.03557,1.25751,0.45966,0.11773,7.95954e-05,7.95954e-05,7.95954e-05
32,1486.02,1.40699,0.41032,0.1589,0.15521,0.23399,0.06479,0.01237,1.41485,0.34472,0.13387,7.83231e-05,7.83231e-05,7.83231e-05
33,1534.09,1.43297,0.3859,0.16698,0.27732,0.40171,0.19094,0.04948,1.15612,0.51545,0.11308,7.70234e-05,7.70234e-05,7.70234e-05
34,1582.82,1.32528,0.41852,0.14286,0.33884,0.40171,0.17019,0.03577,1.21048,0.4519,0.12055,7.56976e-05,7.56976e-05,7.56976e-05
35,1632.17,1.24938,0.46714,0.12987,0.2921,0.46553,0.21771,0.05191,1.08272,0.53285,0.09215,7.43468e-05,7.43468e-05,7.43468e-05
36,1685.26,1.18687,0.47793,0.12566,0.28474,0.47863,0.22018,0.05711,0.97509,0.57158,0.07959,7.29725e-05,7.29725e-05,7.29725e-05
37,1737.59,1.1813,0.48099,0.12374,0.33453,0.50427,0.24851,0.0557,1.02042,0.54591,0.08309,7.15761e-05,7.15761e-05,7.15761e-05
38,1784.58,1.2193,0.47109,0.14229,0.31772,0.42588,0.2119,0.04213,1.10263,0.46159,0.08616,7.01588e-05,7.01588e-05,7.01588e-05
39,1830.42,1.18369,0.45697,0.11388,0.33636,0.46154,0.294,0.07853,1.005,0.50104,0.08124,6.87222e-05,6.87222e-05,6.87222e-05
40,1876.96,1.21517,0.45935,0.14311,0.34668,0.47863,0.35151,0.11558,0.84789,0.62239,0.06868,6.72675e-05,6.72675e-05,6.72675e-05
41,1923.57,1.05799,0.53893,0.10582,0.37381,0.59829,0.40207,0.11618,0.92655,0.5653,0.07931,6.57963e-05,6.57963e-05,6.57963e-05
42,1972.82,1.04749,0.51082,0.11368,0.44756,0.58165,0.398,0.13715,0.85025,0.59245,0.06732,6.43101e-05,6.43101e-05,6.43101e-05
43,2022.35,1.05527,0.53555,0.11121,0.35371,0.53846,0.38544,0.12995,0.86448,0.60468,0.06888,6.28101e-05,6.28101e-05,6.28101e-05
44,2068.28,0.98857,0.55182,0.10468,0.39739,0.53846,0.34762,0.12555,0.81733,0.61863,0.06711,6.12981e-05,6.12981e-05,6.12981e-05
45,2114.23,1.00695,0.52061,0.09944,0.33441,0.54701,0.33057,0.13751,0.85842,0.57978,0.07376,5.97754e-05,5.97754e-05,5.97754e-05
46,2163.11,1.10464,0.50758,0.12366,0.40858,0.48718,0.3774,0.13768,0.86722,0.55553,0.06715,5.82435e-05,5.82435e-05,5.82435e-05
47,2212.93,1.0767,0.49196,0.12598,0.41445,0.48399,0.37514,0.13239,0.88438,0.55719,0.06766,5.6704e-05,5.6704e-05,5.6704e-05
48,2258.92,1.17556,0.45824,0.13511,0.39202,0.48718,0.37969,0.13363,0.92076,0.53927,0.07745,5.51584e-05,5.51584e-05,5.51584e-05
49,2304.42,1.00628,0.52419,0.09908,0.39132,0.52137,0.3976,0.14769,0.91609,0.54052,0.07632,5.36081e-05,5.36081e-05,5.36081e-05
50,2350.96,1.04847,0.48728,0.11903,0.40202,0.52291,0.37758,0.13837,0.87279,0.55613,0.06762,5.20548e-05,5.20548e-05,5.20548e-05
51,2397.92,1.01445,0.53672,0.10633,0.43445,0.51214,0.41164,0.15377,0.91316,0.55784,0.07544,5.05e-05,5.05e-05,5.05e-05
52,2450.59,1.00413,0.52162,0.10422,0.37513,0.55556,0.43777,0.16305,0.89086,0.55062,0.07479,4.89452e-05,4.89452e-05,4.89452e-05
53,2498.13,0.99158,0.5212,0.10922,0.43326,0.60114,0.44541,0.1675,0.8485,0.57076,0.07215,4.73919e-05,4.73919e-05,4.73919e-05
54,2545.73,1.05849,0.50723,0.11829,0.38483,0.57746,0.4584,0.16386,0.8152,0.59152,0.06966,4.58416e-05,4.58416e-05,4.58416e-05
55,2591.37,0.93617,0.55005,0.09666,0.49791,0.61538,0.54264,0.20126,0.84691,0.56086,0.07061,4.4296e-05,4.4296e-05,4.4296e-05
56,2639.07,0.99418,0.53956,0.10421,0.49044,0.54295,0.5454,0.21219,0.78359,0.59795,0.06596,4.27565e-05,4.27565e-05,4.27565e-05
57,2686.81,0.96535,0.55422,0.10617,0.41622,0.52137,0.42947,0.15848,0.79533,0.59455,0.05719,4.12246e-05,4.12246e-05,4.12246e-05
58,2732.71,0.89454,0.59493,0.10077,0.35461,0.5641,0.3982,0.17347,0.74497,0.65992,0.05817,3.97019e-05,3.97019e-05,3.97019e-05
59,2777.99,0.87957,0.57863,0.08421,0.46576,0.46154,0.46788,0.1948,0.81871,0.58189,0.06457,3.81899e-05,3.81899e-05,3.81899e-05
60,2824.72,0.92284,0.56555,0.09294,0.45596,0.57265,0.46037,0.1951,0.80796,0.57951,0.0618,3.66899e-05,3.66899e-05,3.66899e-05
61,2871.42,0.94078,0.5728,0.10653,0.48661,0.5812,0.53288,0.22475,0.80201,0.57376,0.06279,3.52037e-05,3.52037e-05,3.52037e-05
62,2918.9,0.8993,0.57483,0.08231,0.39979,0.54701,0.45592,0.19094,0.80591,0.58632,0.06242,3.37325e-05,3.37325e-05,3.37325e-05
63,2964.54,0.91285,0.57011,0.09549,0.46377,0.55556,0.47104,0.20412,0.77935,0.59658,0.05521,3.22778e-05,3.22778e-05,3.22778e-05
64,3009.89,0.81959,0.61227,0.07615,0.46597,0.52991,0.48756,0.19564,0.75745,0.60483,0.05444,3.08412e-05,3.08412e-05,3.08412e-05
65,3054.86,0.85094,0.58568,0.07994,0.48289,0.55556,0.50599,0.22297,0.73538,0.60975,0.05007,2.94239e-05,2.94239e-05,2.94239e-05
66,3101.6,0.82735,0.58612,0.07651,0.4556,0.60684,0.50115,0.22259,0.725,0.61045,0.04751,2.80275e-05,2.80275e-05,2.80275e-05
67,3148.18,0.86223,0.57822,0.08806,0.50504,0.5641,0.50732,0.21993,0.73055,0.6203,0.05171,2.66532e-05,2.66532e-05,2.66532e-05
68,3193.79,0.90772,0.55403,0.09553,0.46459,0.57265,0.50828,0.23154,0.75528,0.60591,0.06122,2.53024e-05,2.53024e-05,2.53024e-05
69,3240.46,0.82342,0.59469,0.07491,0.45967,0.47863,0.47753,0.2111,0.73659,0.63029,0.0573,2.39766e-05,2.39766e-05,2.39766e-05
70,3287.37,0.89805,0.58096,0.09338,0.44016,0.60684,0.51692,0.22599,0.74107,0.59853,0.05058,2.26769e-05,2.26769e-05,2.26769e-05
71,3333.34,0.82924,0.60382,0.07726,0.4594,0.64103,0.47059,0.20391,0.73528,0.61529,0.05903,2.14046e-05,2.14046e-05,2.14046e-05
72,3379.11,0.86811,0.58485,0.08724,0.46478,0.4973,0.46586,0.23274,0.73761,0.61613,0.05916,2.01611e-05,2.01611e-05,2.01611e-05
73,3427.19,0.86413,0.59139,0.09155,0.5287,0.50427,0.51746,0.23425,0.74309,0.60098,0.06015,1.89475e-05,1.89475e-05,1.89475e-05
74,3475.8,0.83714,0.60086,0.08505,0.46691,0.52991,0.50133,0.22617,0.76226,0.60125,0.05995,1.77651e-05,1.77651e-05,1.77651e-05
75,3521.25,0.82589,0.64321,0.09484,0.44301,0.55745,0.45143,0.2074,0.73154,0.63039,0.05806,1.66149e-05,1.66149e-05,1.66149e-05
76,3567.05,0.79817,0.63115,0.08294,0.46176,0.58974,0.45519,0.20505,0.73425,0.62107,0.06118,1.54982e-05,1.54982e-05,1.54982e-05
77,3616.57,0.8183,0.61897,0.07855,0.48993,0.53846,0.51769,0.23842,0.72615,0.61395,0.05807,1.44161e-05,1.44161e-05,1.44161e-05
78,3666.52,0.82088,0.61784,0.08882,0.48804,0.61538,0.50399,0.2324,0.70162,0.61625,0.0549,1.33695e-05,1.33695e-05,1.33695e-05
79,3713.05,0.77433,0.6108,0.06746,0.46,0.6116,0.49214,0.21571,0.74939,0.60354,0.05951,1.23596e-05,1.23596e-05,1.23596e-05
80,3760.61,0.82461,0.59668,0.0816,0.52068,0.57564,0.54945,0.24701,0.74314,0.59835,0.0595,1.13873e-05,1.13873e-05,1.13873e-05
81,3809.16,0.79329,0.61686,0.0736,0.50112,0.54948,0.49004,0.22277,0.73949,0.60739,0.05999,1.04537e-05,1.04537e-05,1.04537e-05
82,3855.86,0.79527,0.59288,0.07704,0.52002,0.5641,0.54387,0.22721,0.74824,0.59922,0.06,9.55951e-06,9.55951e-06,9.55951e-06
83,3904.19,0.77399,0.62582,0.06652,0.41351,0.57265,0.49461,0.23513,0.75669,0.59999,0.06121,8.70577e-06,8.70577e-06,8.70577e-06
84,3952.12,0.78117,0.61295,0.07504,0.43432,0.62393,0.50593,0.22997,0.74146,0.61646,0.05897,7.89327e-06,7.89327e-06,7.89327e-06
85,3998.9,0.78162,0.61242,0.07342,0.49519,0.52991,0.5563,0.25292,0.72556,0.59599,0.05764,7.12282e-06,7.12282e-06,7.12282e-06
86,4047.55,0.824,0.5943,0.08773,0.49729,0.51282,0.51023,0.22609,0.73906,0.59917,0.05989,6.39518e-06,6.39518e-06,6.39518e-06
87,4093.27,0.79101,0.61044,0.08052,0.48396,0.62523,0.50273,0.23306,0.72521,0.59847,0.0597,5.71106e-06,5.71106e-06,5.71106e-06
88,4139.23,0.82833,0.59287,0.07575,0.48708,0.56005,0.51641,0.24426,0.72391,0.61244,0.05877,5.07115e-06,5.07115e-06,5.07115e-06
89,4188.41,0.83819,0.58509,0.08549,0.50002,0.52991,0.53741,0.24721,0.72163,0.60989,0.0572,4.47606e-06,4.47606e-06,4.47606e-06
90,4234.93,0.76648,0.61451,0.07923,0.47977,0.57265,0.55729,0.26535,0.69979,0.60507,0.05613,3.9264e-06,3.9264e-06,3.9264e-06
91,4283.74,0.82126,0.60303,0.07956,0.44157,0.62393,0.53105,0.25098,0.72756,0.60518,0.0596,3.4227e-06,3.4227e-06,3.4227e-06
92,4330.64,0.7741,0.61331,0.07171,0.59178,0.53846,0.57359,0.28042,0.67183,0.61631,0.05396,2.96546e-06,2.96546e-06,2.96546e-06
93,4378.59,0.81319,0.59958,0.07959,0.52956,0.51956,0.51378,0.24548,0.71975,0.61122,0.05955,2.55513e-06,2.55513e-06,2.55513e-06
94,4427.76,0.83327,0.59426,0.07975,0.52539,0.52137,0.52515,0.25936,0.66529,0.6317,0.0528,2.19212e-06,2.19212e-06,2.19212e-06
95,4474.49,0.81026,0.61144,0.07582,0.5694,0.59829,0.55405,0.27038,0.68481,0.60094,0.05434,1.87678e-06,1.87678e-06,1.87678e-06
96,4526.4,0.80342,0.60077,0.08336,0.44987,0.58974,0.47343,0.23109,0.69334,0.6225,0.05589,1.60943e-06,1.60943e-06,1.60943e-06
97,4573.08,0.82407,0.58981,0.0872,0.52546,0.5641,0.55221,0.26925,0.68608,0.60894,0.05595,1.39032e-06,1.39032e-06,1.39032e-06
98,4620.56,0.82688,0.60834,0.08573,0.54442,0.53113,0.54462,0.26542,0.68613,0.61836,0.05519,1.21968e-06,1.21968e-06,1.21968e-06
99,4672.41,0.78224,0.61889,0.07408,0.47516,0.5812,0.51852,0.25132,0.68543,0.62482,0.05407,1.09768e-06,1.09768e-06,1.09768e-06
100,4720.47,0.78173,0.61716,0.06953,0.49058,0.60087,0.47176,0.22424,0.73245,0.60965,0.06045,1.02443e-06,1.02443e-06,1.02443e-06
